https://www.ft.com/content/323aa431-1830-4921-b36f-b5128530c89a,Israeli forces kill 5 journalists in Gaza,No body,No date,No author
https://www.ft.com/content/2ddbfdc4-e200-4f0c-ae18-91a598695ea8,Trump’s Intel deal is a threat to US economic liberty ,No body,No date,No author
https://www.ft.com/content/2179fa33-9483-48fb-a877-2fa0448cc3b5,Germany vows support for Kyiv despite unease about boots on the ground,No body,No date,No author
https://www.ft.com/content/78b2c446-2513-45a3-bf0b-172c85008659,US Politics 2025,No body,No date,No author
https://www.ft.com/content/5cd7bccb-24cb-46ec-935a-1da262e435e1,China has laid a rare earths trap for the west,No body,No date,No author
https://www.ft.com/content/917c4e08-ed84-4cfb-adde-bdb38cf57b1e,Israel says it will scale back presence in Lebanon if Hizbollah disarmed,No body,No date,No author
https://www.ft.com/content/eee596be-3889-4859-b8a2-b86211f7cec7,Silicon Valley gets the ‘Hamilton’ treatment,No body,No date,No author
https://www.ft.com/content/17724d45-c80c-42bc-b828-1ecf0518749c,"We Computers — a genre-blending, time-bending, poetic novel",No body,No date,No author
https://www.ft.com/content/748e9bcd-b57d-437d-9f5a-993d4ca4bfa8,The devastating global boom in narcotics ,No body,No date,No author
https://www.ft.com/content/58206fa0-8a6b-4149-ba19-823f74ed3902,Europe urgently needs a remedy for the ‘Brussels defect’,No body,No date,No author
https://www.ft.com/content/cce5d41e-4f9c-4e27-bb3b-1e9fd784cbc2,France summons US ambassador over antisemitism claims,No body,No date,No author
https://www.ft.com/content/fe685057-445c-4e15-a306-db8a4f2d8418,FirstFT: Investors back New York office space revival,No body,No date,No author
https://www.ft.com/content/7c4746d7-02e8-4c60-a96c-b51eb21a7bf1,US banks lobby to block stablecoin interest over fears of deposit flight,No body,No date,No author
https://www.ft.com/content/4cb19300-0586-434c-8291-a77126789357,"UK gender pay gap understated for past two decades, report finds",No body,No date,No author
https://www.ft.com/content/123afb47-c2ad-4593-b490-e01d0c28af2f,Keurig Dr Pepper strikes €16bn deal to buy European coffee group JDE Peet’s,No body,No date,No author
https://www.ft.com/content/1b11a168-8a19-4ba2-ab5d-b51fcf3bed1e,Evergrande delisting marks end of era for China’s property sector,No body,No date,No author
https://www.ft.com/content/7c74b65f-8870-4647-babb-bd1145a1bdf0,Mark Carney seeking more friends and influence on his latest Eurotrip ,No body,No date,No author
https://www.ft.com/content/4008c2ed-0be3-4c06-baf5-3c54be5e1e2e,How SoftBank’s Masayoshi Son became Donald Trump’s favoured foreign investor,No body,No date,No author
https://www.ft.com/content/646a2d18-97c5-41d9-81c5-a712d0199ec2,Wall Street’s September Fed rate cut bets still hinge on next data,No body,No date,No author
https://www.ft.com/content/b65767cb-0641-48b9-b57f-716a860c1faa,Jay Powell’s risk-averse stance at Jackson Hole missed an opportunity,No body,No date,No author
https://www.ft.com/content/a228206a-a761-4947-a3cb-4913280e9cce,Donald Trump expresses wish to meet Kim Jong Un again as he hosts South Korean president,No body,No date,No author
https://www.ft.com/content/0e7b6d49-446a-4ed7-a523-477e04aff771,US Politics 2025,No body,No date,No author
https://www.ft.com/content/d12454cd-5d90-4f58-b356-70ec08044e68,Sinaloa drug cartel kingpin ‘El Mayo’ pleads guilty in US court,No body,No date,No author
https://www.ft.com/content/567c3f3a-5fb3-45d2-a4c5-def357e9cbc5,US Politics 2025,No body,No date,No author
https://www.ft.com/content/323aa431-1830-4921-b36f-b5128530c89a,Israeli forces kill 5 journalists in Gaza,No body,No date,No author
https://www.ft.com/content/89ad297d-137d-468c-9960-2ac80279b9ea,François Bayrou risks French premiership in confidence vote next month,No body,No date,No author
https://www.ft.com/content/f4f8e341-0b28-4b53-85e6-3961ade0c881,Musk’s xAI sues Apple and OpenAI over ChatGPT and iPhone integration,No body,No date,No author
